[{"schemeId":2,"schemeName":"Default","adapterType":"appneta-snow","group":null,"active":true,"adapterMetadataList":[{"metadataId":2,"metadataKey":"type","metadataValue":"Event"}],"requestHeaders":[],"restTemplates":{"SAVE_COMMENTS":{"templateId":7,"operation":"SAVE_COMMENTS","httpVerb":"POST","restUrl":"","specifications":{"Request":{"specId":17,"type":"Request","adapterType":null,"specType":null,"status":"Active","specification":null,"samplePayload":null,"contentAvailable":false,"statusCode":2},"Response":{"specId":18,"type":"Response","adapterType":null,"specType":null,"status":"Active","specification":null,"samplePayload":null,"contentAvailable":false,"statusCode":2}}},"QUERY_COMMENTS":{"templateId":8,"operation":"QUERY_COMMENTS","httpVerb":"POST","restUrl":"","specifications":{"Request":{"specId":15,"type":"Request","adapterType":null,"specType":null,"status":"Active","specification":null,"samplePayload":null,"contentAvailable":false,"statusCode":2},"Response":{"specId":16,"type":"Response","adapterType":null,"specType":null,"status":"Active","specification":null,"samplePayload":null,"contentAvailable":false,"statusCode":2}}},"QUERY_MODIFIED_RECORDS":{"templateId":9,"operation":"QUERY_MODIFIED_RECORDS","httpVerb":"POST","restUrl":"","specifications":{"Request":{"specId":19,"type":"Request","adapterType":null,"specType":null,"status":"Active","specification":null,"samplePayload":null,"contentAvailable":false,"statusCode":2},"Response":{"specId":20,"type":"Response","adapterType":null,"specType":null,"status":"Active","specification":null,"samplePayload":null,"contentAvailable":false,"statusCode":2}}},"GET_LINKED_RECORD_ID":{"templateId":10,"operation":"GET_LINKED_RECORD_ID","httpVerb":"POST","restUrl":"","specifications":{"Request":{"specId":21,"type":"Request","adapterType":null,"specType":null,"status":"Active","specification":null,"samplePayload":null,"contentAvailable":false,"statusCode":2},"Response":{"specId":22,"type":"Response","adapterType":null,"specType":null,"status":"Active","specification":null,"samplePayload":null,"contentAvailable":false,"statusCode":2}}},"SAVE_RECORD":{"templateId":11,"operation":"SAVE_RECORD","httpVerb":"POST","restUrl":"","specifications":{"Request":{"specId":13,"type":"Request","adapterType":null,"specType":"JOLT","status":"Active","specification":"[\n  {\n    \"operation\": \"remove\",\n    \"spec\": {\n      \"fields\": \"\"\n    }\n  },\n  {\n    \"operation\": \"modify-default-beta\",\n    \"spec\": {\n      \"id\": \"@(1,deepLink)\",\n      \"updated\": \"@(1,eventTime)\"\n    }\n  },\n  {\n    \"operation\": \"modify-overwrite-beta\",\n    \"spec\": {\n      \"updated\": \"=concat(@(1,updated),'000')\"\n    }\n  },\n  {\n    \"operation\": \"shift\",\n    \"spec\": {\n      \"*\": \"fields.&\",\n      \"tags\": {\n        \"*\": {\n          \"@value\": \"fields.@id\"\n        }\n      }\n    }\n  }\n]\n","samplePayload":"{\n    \"type\": \"SQA_EVENT\",\n    \"description\": \"Measured RTT (240.1100ms) violates condition RTT > 80 ms\",\n    \"eventTime\": 1715867875,\n    \"sequencerName\": \"Denver.CO.m70\",\n    \"sequencerHost\": \"Denver.CO.m70\",\n    \"orgId\": 3,\n    \"orgName\": \"AppNeta Demonstration\",\n    \"deepLink\": \"https://demo.pm.appneta.com/pvc/pathdetail.html?st=3&pathid=286370&timeStamp=1715867875102\",\n    \"platformType\": \"Hardware\",\n    \"monitoringPointType\": \"m70 microAppliance\",\n    \"target\": \"sc-r90-01-va.broadcom.com\",\n    \"measuredParam\": \"RTT\",\n    \"measuredValue\": 240.11,\n    \"pathId\": 286370,\n    \"pathName\": \"Denver.CO.m70 - AD <-> AppNeta Data Center-ASH\",\n    \"pathServiceQuality\": \"SQA_VIOLATED\",\n    \"pathStatus\": \"VIOLATED\",\n    \"importance\": 5,\n    \"fields\": {},\n    \"tags\": [\n        {\n            \"id\": 4863,\n            \"orgId\": 3,\n            \"category\": \"Application\",\n            \"value\": \"DatacentertoDatacenter\",\n            \"resourceType\": \"NETWORK_PATH\"\n        },\n        {\n            \"id\": 854,\n            \"orgId\": 3,\n            \"category\": \"Application\",\n            \"value\": \"VoIP\",\n            \"resourceType\": \"NETWORK_PATH\"\n        },\n        {\n            \"id\": 4753,\n            \"orgId\": 3,\n            \"category\": \"Link\",\n            \"value\": \"Underlay\",\n            \"resourceType\": \"NETWORK_PATH\"\n        },\n        {\n            \"id\": 2552,\n            \"orgId\": 3,\n            \"category\": \"Location\",\n            \"value\": \"DataCenter\",\n            \"resourceType\": \"NETWORK_PATH\"\n        },\n        {\n            \"id\": 4976,\n            \"orgId\": 3,\n            \"category\": \"Retail\",\n            \"value\": \"DC-WAN\",\n            \"resourceType\": \"NETWORK_PATH\"\n        },\n        {\n            \"id\": 4890,\n            \"orgId\": 3,\n            \"category\": \"UseCase\",\n            \"value\": \"MSP\",\n            \"resourceType\": \"NETWORK_PATH\"\n        },\n        {\n            \"id\": 4655,\n            \"orgId\": 3,\n            \"category\": \"UseCase\",\n            \"value\": \"RemoteSites and DataCenter\",\n            \"resourceType\": \"NETWORK_PATH\"\n        },\n        {\n            \"id\": 4666,\n            \"orgId\": 3,\n            \"category\": \"UseCase\",\n            \"value\": \"SD-WAN\",\n            \"resourceType\": \"NETWORK_PATH\"\n        },\n        {\n            \"id\": 4660,\n            \"orgId\": 3,\n            \"category\": \"ValueDriver\",\n            \"value\": \"IT Efficiency\",\n            \"resourceType\": \"NETWORK_PATH\"\n        },\n        {\n            \"id\": 4664,\n            \"orgId\": 3,\n            \"category\": \"ValueDriver\",\n            \"value\": \"Transformation\",\n            \"resourceType\": \"NETWORK_PATH\"\n        }\n    ]\n}","contentAvailable":true,"statusCode":2},"Response":{"specId":14,"type":"Response","adapterType":null,"specType":null,"status":"Active","specification":null,"samplePayload":null,"contentAvailable":false,"statusCode":2}}}},"default":false}]