{"version":null,"displayName":"AppNeta","type":"appneta-snow","logo":"appneta.png","logoSmall":"appneta.png","metadata":[{"name":"type","dependent":false,"dependentMetadata":null,"values":[{"id":"Event","name":"Event","attributeName":null,"referenceType":null,"dependents":null,"attributes":null,"regex":false}],"apiConfig":{"api":null,"idJsonPath":null,"valueJsonPath":null,"headers":null}}],"fields":[{"id":"eventTime","name":"eventTime","datatype":"Datetime","values":null},{"id":"description","name":"description","datatype":"String","values":null},{"id":"id","name":"id","datatype":"String","values":null},{"id":"sequencerName","name":"sequencerName","datatype":"String","values":null},{"id":"deepLink","name":"deepLink","datatype":"String","values":null},{"id":"target","name":"target","datatype":"String","values":null},{"id":"measuredParam","name":"measuredParam","datatype":"String","values":null},{"id":"measuredValue","name":"measuredValue","datatype":"String","values":null},{"id":"pathName","name":"pathName","datatype":"String","values":null},{"id":"pathStatus","name":"pathStatus","datatype":"String","values":null},{"id":"importance","name":"importance","datatype":"String","values":null}],"loginOptions":[],"idFieldName":"id","titleFieldName":"description","projectFieldName":"","artifactFieldName":"","testStepsFieldName":null,"changedDateFieldName":"eventTime","dateFormat":"dd-MM-yyyy","dateTimeFormat":"dd-MM-yyyy HH:mm:ss.SSS","queryDateFormat":"dd-MM-yyyy HH:mm:ss.SSS","queryDateFormatType":"DATE_TIME_FORMAT","iso8601DateFormat":false,"commentFieldName":"","commentFieldId":"","attachmentFieldName":"","attachmentFieldId":"","apiVersion":null,"callBackUrlConfigured":false,"callBackUrls":null,"apiProvider":"ConnectALL","applicationType":null,"urlDescription":"","userNameDescription":null,"passwordDescription":null,"paginationSupported":false,"paginationAttributes":null,"status":"Active","active":true,"commentSyncSupported":false,"attachmentSyncSupported":false,"syncModel":"ReadOnly","availableRestOperations":null,"multiProjectSupported":false,"projectLoginRequired":false,"conjunctionOperator":"","global":true,"tenantList":null}